    ,BMUID   ,temp ,wspd ,wgust ,sealevelpressure ,visibility ,cloudcover ,precip ,dew   ,humidity ,loadFactor
0   ,ABRTW-1 ,1.9  ,4.8  ,4.9   ,1009.5           ,27.2       ,83.6       ,0.0    ,-3.8  ,66.0     ,0.13294444444444442
1   ,ABRTW-1 ,5.5  ,8.1  ,2.9   ,981.8            ,16.8       ,70.8       ,0.0    ,4.8   ,95.7     ,0.495
2   ,ABRTW-1 ,8.5  ,9.3  ,6.0   ,1031.4           ,15.9       ,83.2       ,0.0    ,5.8   ,83.37    ,0.13894444444444443
3   ,ABRTW-1 ,9.1  ,9.8  ,7.9   ,992.0            ,2.0        ,87.8       ,0.0    ,7.4   ,88.55    ,0.25783333333333336
4   ,ABRTW-1 ,13.6 ,2.7  ,0.0   ,1021.5           ,16.9       ,95.8       ,0.0    ,12.6  ,93.43    ,0.030444444444444448
5   ,ABRTW-1 ,14.9 ,11.9 ,4.9   ,1007.7           ,27.8       ,57.4       ,0.0    ,10.2  ,73.6     ,0.6041111111111112
6   ,ABRTW-1 ,14.5 ,8.4  ,2.0   ,1021.4           ,40.1       ,73.1       ,0.0    ,10.5  ,76.83    ,0.4033333333333333
7   ,ABRTW-1 ,7.4  ,8.3  ,6.0   ,1000.5           ,12.6       ,86.3       ,0.0    ,5.6   ,88.33    ,0.23572222222222225
8   ,ACHRW-1 ,1.1  ,17.2 ,19.5  ,1007.5           ,15.0       ,59.8       ,0.0    ,-1.6  ,82.09    ,0.8515962441314553
9   ,ACHRW-1 ,6.4  ,13.4 ,18.5  ,984.3            ,21.0       ,67.1       ,0.0    ,4.2   ,86.11    ,0.5724882629107981
10  ,ACHRW-1 ,8.2  ,15.6 ,21.0  ,1031.5           ,10.0       ,58.4       ,0.0    ,5.6   ,83.64    ,0.45788732394366194
11  ,ACHRW-1 ,10.0 ,14.7 ,21.3  ,991.5            ,4.4        ,64.3       ,0.0    ,7.5   ,84.4     ,0.6835680751173709
12  ,ACHRW-1 ,12.8 ,8.7  ,6.0   ,1022.4           ,22.9       ,59.8       ,0.0    ,11.7  ,93.05    ,0.04718309859154929
13  ,ACHRW-1 ,14.3 ,15.9 ,17.0  ,1008.0           ,20.0       ,18.9       ,0.0    ,10.0  ,75.43    ,0.704037558685446
14  ,ACHRW-1 ,13.0 ,15.0 ,19.9  ,1022.7           ,14.1       ,5.3        ,0.0    ,8.8   ,75.63    ,0.712018779342723
15  ,ACHRW-1 ,6.2  ,11.3 ,12.1  ,1000.4           ,15.5       ,48.8       ,0.0    ,5.1   ,92.26    ,0.5051643192488262
16  ,AKGLW-2 ,2.2  ,5.8  ,      ,1011.2           ,23.1       ,52.6       ,0.0    ,-3.1  ,68.05    ,0.21209273182957392
17  ,AKGLW-2 ,6.6  ,8.0  ,      ,979.5            ,12.1       ,89.3       ,0.0    ,5.4   ,92.24    ,0.7311090225563909
18  ,AKGLW-2 ,11.1 ,14.7 ,30.0  ,1029.7           ,23.9       ,57.4       ,0.0    ,5.2   ,66.81    ,0.7031954887218045
19  ,AKGLW-2 ,8.3  ,10.9 ,      ,993.7            ,1.0        ,99.3       ,0.0    ,7.8   ,97.24    ,0.23480576441102757
20  ,AKGLW-2 ,13.3 ,1.7  ,      ,1021.0           ,5.6        ,88.3       ,0.0    ,12.9  ,97.46    ,0.0073621553884711775
21  ,AKGLW-2 ,17.0 ,11.3 ,22.4  ,1006.8           ,19.0       ,82.7       ,0.0    ,10.7  ,66.53    ,0.6557957393483709
22  ,AKGLW-2 ,15.9 ,6.9  ,8.9   ,1019.6           ,27.2       ,73.0       ,0.0    ,13.1  ,83.47    ,0.6659774436090224
23  ,AKGLW-2 ,7.9  ,13.2 ,      ,1001.5           ,7.4        ,79.5       ,0.0    ,7.2   ,95.22    ,0.8169486215538847
24  ,ANSUW-1 ,0.1  ,14.3 ,6.9   ,1009.7           ,25.9       ,46.0       ,0.0    ,-3.8  ,75.17    ,0.8390495867768595
25  ,ANSUW-1 ,5.1  ,9.7  ,4.9   ,984.0            ,24.2       ,56.9       ,0.0    ,3.0   ,86.68    ,0.5266528925619834
26  ,ANSUW-1 ,7.1  ,15.0 ,8.1   ,1030.7           ,12.4       ,41.1       ,0.0    ,5.1   ,87.06    ,0.7549586776859504
27  ,ANSUW-1 ,9.7  ,10.8 ,6.9   ,993.4            ,6.2        ,61.1       ,0.0    ,7.0   ,83.17    ,0.38367768595041324
28  ,ANSUW-1 ,12.5 ,6.1  ,0.0   ,1021.8           ,32.1       ,44.3       ,0.0    ,11.3  ,92.66    ,0.26983471074380166
29  ,ANSUW-1 ,12.7 ,14.0 ,6.0   ,1006.9           ,23.8       ,32.9       ,0.0    ,9.1   ,78.89    ,0.4856404958677686
30  ,ANSUW-1 ,12.4 ,12.4 ,13.0  ,1021.7           ,17.6       ,9.9        ,0.0    ,7.6   ,72.38    ,0.34896694214876034
31  ,ANSUW-1 ,5.9  ,9.3  ,12.1  ,1002.2           ,17.9       ,34.5       ,0.0    ,4.3   ,89.6     ,0.5858471074380166
32  ,ARCHW-1 ,3.7  ,18.5 ,10.1  ,1007.8           ,6.9        ,90.7       ,0.0    ,2.2   ,90.11    ,0.6058833333333333
33  ,ARCHW-1 ,7.2  ,18.2 ,17.0  ,983.4            ,13.9       ,89.2       ,0.0    ,5.3   ,87.86    ,0.6936833333333333
34  ,ARCHW-1 ,10.0 ,11.1 ,16.5  ,1032.4           ,22.2       ,86.2       ,0.0    ,5.8   ,75.49    ,0.08995
35  ,ARCHW-1 ,9.9  ,16.9 ,21.3  ,990.3            ,3.2        ,78.1       ,0.5    ,8.9   ,93.17    ,0.37295
36  ,ARCHW-1 ,13.7 ,12.2 ,10.1  ,1022.5           ,4.8        ,90.8       ,0.0    ,12.8  ,94.1     ,0.29095
37  ,ARCHW-1 ,15.6 ,15.6 ,14.5  ,1009.5           ,18.7       ,76.2       ,0.0    ,10.8  ,73.17    ,0.1818
38  ,ARCHW-1 ,14.7 ,17.8 ,15.4  ,1022.8           ,21.8       ,44.7       ,0.0    ,11.3  ,79.9     ,0.47200000000000003
39  ,ARCHW-1 ,8.2  ,12.6 ,13.1  ,998.3            ,16.0       ,87.6       ,0.0    ,5.8   ,84.42    ,0.2521666666666667
40  ,BEINW-1 ,3.3  ,12.8 ,19.4  ,986.2            ,11.3       ,60.1       ,0.0    ,2.0   ,90.95    ,0.9288051470588236
41  ,BEINW-1 ,6.0  ,19.9 ,55.3  ,1029.1           ,18.9       ,50.1       ,0.0    ,4.1   ,87.42    ,0.29579044117647063
42  ,BEINW-1 ,9.2  ,11.3 ,22.0  ,995.3            ,8.6        ,67.7       ,0.0    ,6.1   ,81.23    ,0.265514705882353
43  ,BEINW-1 ,10.8 ,8.2  ,      ,1022.1           ,22.4       ,45.6       ,0.0    ,10.2  ,95.73    ,0.026084558823529412
44  ,BEINW-1 ,10.4 ,17.1 ,48.3  ,1005.1           ,17.3       ,41.1       ,0.0    ,7.7   ,83.47    ,0.4191360294117647
45  ,BEINW-1 ,9.8  ,14.3 ,45.0  ,1020.8           ,24.8       ,28.8       ,0.0    ,5.8   ,75.9     ,0.3151470588235294
46  ,BEINW-1 ,3.6  ,6.5  ,      ,1004.4           ,28.5       ,49.0       ,0.0    ,2.4   ,91.8     ,0.044797794117647054
47  ,BETHW-1 ,1.8  ,6.1  ,      ,1010.2           ,24.9       ,85.4       ,0.0    ,-2.9  ,70.68    ,0.43690756302521006
48  ,BETHW-1 ,13.7 ,4.9  ,10.1  ,1021.2           ,19.2       ,82.0       ,0.0    ,13.0  ,94.98    ,0.16107563025210084
49  ,BETHW-1 ,14.9 ,15.0 ,31.1  ,1003.4           ,17.0       ,84.0       ,0.0    ,10.3  ,73.95    ,0.226890756302521
50  ,BETHW-1 ,14.0 ,18.1 ,30.0  ,1019.2           ,17.6       ,29.2       ,0.0    ,7.7   ,65.91    ,0.6497478991596638
51  ,BETHW-1 ,6.4  ,7.8  ,      ,1005.2           ,15.3       ,69.3       ,0.0    ,5.4   ,92.72    ,0.1783529411764706
52  ,BHLAW-1 ,-1.0 ,11.4 ,49.4  ,1010.3           ,23.4       ,55.9       ,0.0    ,-4.3  ,78.31    ,0.25072222222222224
53  ,BHLAW-1 ,3.1  ,15.4 ,42.5  ,986.0            ,11.6       ,59.1       ,0.0    ,1.7   ,90.94    ,0.2036851851851852
54  ,BHLAW-1 ,7.7  ,18.9 ,55.3  ,1028.5           ,21.8       ,67.4       ,0.0    ,4.8   ,81.96    ,0.49888888888888894
55  ,BHLAW-1 ,8.3  ,14.3 ,46.1  ,995.8            ,7.4        ,70.0       ,0.0    ,5.9   ,85.0     ,0.4358148148148148
56  ,BHLAW-1 ,11.9 ,9.2  ,      ,1021.8           ,21.5       ,60.2       ,0.0    ,11.1  ,95.17    ,0.04912962962962963
57  ,BHLAW-1 ,12.3 ,15.3 ,48.3  ,1004.7           ,16.3       ,54.9       ,0.0    ,8.7   ,78.35    ,0.6112592592592593
58  ,BHLAW-1 ,11.6 ,16.2 ,45.0  ,1020.4           ,22.8       ,33.2       ,0.0    ,6.3   ,69.99    ,0.2034074074074074
59  ,BHLAW-1 ,4.8  ,4.8  ,      ,1004.6           ,25.6       ,63.0       ,0.0    ,3.4   ,90.53    ,0.09001851851851851
60  ,BLKWW-1 ,6.1  ,14.7 ,      ,981.6            ,24.9       ,79.2       ,0.0    ,4.8   ,91.88    ,0.856975425330813
61  ,BLKWW-1 ,8.8  ,12.7 ,      ,1031.9           ,17.8       ,58.4       ,0.0    ,5.1   ,77.63    ,0.51765595463138
62  ,BLKWW-1 ,9.7  ,18.8 ,27.7  ,991.0            ,2.3        ,82.2       ,0.0    ,8.7   ,93.28    ,0.6874858223062382
63  ,BLKWW-1 ,13.4 ,5.9  ,      ,1021.8           ,10.4       ,91.2       ,0.0    ,12.5  ,94.13    ,0.1798865784499055
64  ,BLKWW-1 ,15.2 ,19.3 ,      ,1008.9           ,22.3       ,47.1       ,0.0    ,10.4  ,73.04    ,0.7546691871455576
65  ,BLKWW-1 ,14.9 ,14.0 ,      ,1021.6           ,32.2       ,75.0       ,0.0    ,12.3  ,84.34    ,0.6677882797731569
66  ,BLKWW-1 ,7.8  ,16.4 ,      ,998.7            ,13.7       ,73.2       ,0.0    ,5.6   ,85.79    ,0.7706238185255199
67  ,BLLA-1  ,1.9  ,7.0  ,      ,1009.8           ,26.2       ,82.7       ,0.0    ,-3.5  ,67.43    ,0.07352083333333333
68  ,BLLA-1  ,5.5  ,11.7 ,      ,981.6            ,15.9       ,73.0       ,0.0    ,4.8   ,94.69    ,0.15266666666666667
69  ,BLLA-1  ,8.5  ,15.0 ,      ,1031.1           ,16.7       ,84.0       ,0.0    ,5.6   ,82.2     ,0.2816458333333333
70  ,BLLA-1  ,8.8  ,14.4 ,27.7  ,992.6            ,1.8        ,92.1       ,0.0    ,7.9   ,94.3     ,0.5097916666666666
71  ,BLLA-1  ,13.6 ,3.3  ,      ,1021.4           ,14.3       ,95.2       ,0.0    ,12.8  ,94.89    ,0.0003125
72  ,BLLA-1  ,15.4 ,17.6 ,      ,1007.5           ,25.9       ,63.3       ,0.0    ,9.5   ,67.89    ,0.28758333333333336
73  ,BLLA-1  ,14.6 ,12.9 ,      ,1021.1           ,37.4       ,68.2       ,0.0    ,10.6  ,76.85    ,0.35250000000000004
74  ,BLLA-2  ,1.9  ,7.0  ,      ,1009.8           ,26.2       ,82.7       ,0.0    ,-3.5  ,67.43    ,0.05953623188405797
75  ,BLLA-2  ,5.5  ,11.7 ,      ,981.6            ,15.9       ,73.0       ,0.0    ,4.8   ,94.69    ,0.17400000000000002
76  ,BLLA-2  ,8.5  ,15.0 ,      ,1031.1           ,16.7       ,84.0       ,0.0    ,5.6   ,82.2     ,0.2722608695652174
77  ,BLLA-2  ,8.8  ,14.4 ,27.7  ,992.6            ,1.8        ,92.1       ,0.0    ,7.9   ,94.3     ,0.6099710144927536
78  ,BLLA-2  ,13.6 ,3.3  ,      ,1021.4           ,14.3       ,95.2       ,0.0    ,12.8  ,94.89    ,0.004260869565217391
79  ,BLLA-2  ,15.4 ,17.6 ,      ,1007.5           ,25.9       ,63.3       ,0.0    ,9.5   ,67.89    ,0.317768115942029
80  ,BLLA-2  ,14.6 ,12.9 ,      ,1021.1           ,37.4       ,68.2       ,0.0    ,10.6  ,76.85    ,0.3667536231884058
81  ,BLLA-2  ,7.3  ,12.0 ,      ,1000.8           ,10.7       ,84.8       ,0.0    ,5.6   ,89.0     ,0.33217391304347826
82  ,BNWKW-1 ,4.0  ,15.6 ,      ,1010.8           ,13.5       ,13.0       ,0.0    ,-0.6  ,72.04    ,0.5496888888888889
83  ,BNWKW-1 ,5.6  ,30.4 ,      ,984.9            ,3.7        ,87.3       ,0.0    ,3.5   ,86.52    ,0.668711111111111
84  ,BNWKW-1 ,11.0 ,25.0 ,34.0  ,1023.7           ,26.9       ,87.4       ,0.0    ,7.1   ,77.21    ,0.6384000000000001
85  ,BNWKW-1 ,8.7  ,16.9 ,27.1  ,998.9            ,3.8        ,90.6       ,0.0    ,7.5   ,92.28    ,0.5684444444444444
86  ,BNWKW-1 ,11.2 ,3.4  ,0.0   ,1020.6           ,3.7        ,90.0       ,0.0    ,10.8  ,97.7     ,0.07102222222222222
87  ,BNWKW-1 ,14.2 ,14.8 ,17.0  ,1001.9           ,15.7       ,88.7       ,0.0    ,12.1  ,87.19    ,0.19911111111111113
88  ,BNWKW-1 ,13.2 ,18.3 ,26.5  ,1017.4           ,20.7       ,11.7       ,0.0    ,9.4   ,77.98    ,0.6672
89  ,BNWKW-1 ,8.6  ,10.0 ,12.1  ,1006.3           ,9.0        ,78.1       ,0.0    ,6.8   ,89.04    ,0.21351111111111112
90  ,BRYBW-1 ,2.9  ,7.0  ,49.4  ,1010.4           ,18.7       ,45.4       ,0.0    ,-3.7  ,61.95    ,0.8280359820089954
91  ,BRYBW-1 ,4.9  ,22.7 ,38.7  ,984.5            ,6.7        ,65.4       ,0.0    ,3.5   ,90.64    ,0.8419790104947525
92  ,BRYBW-1 ,10.3 ,20.6 ,40.8  ,1026.7           ,23.2       ,55.7       ,0.0    ,5.0   ,69.83    ,0.6017391304347827
93  ,BRYBW-1 ,8.9  ,14.7 ,46.1  ,996.6            ,4.5        ,87.3       ,0.0    ,6.9   ,87.24    ,0.21088455772113943
94  ,BRYBW-1 ,12.6 ,4.7  ,      ,1021.0           ,12.8       ,78.5       ,0.0    ,11.3  ,91.34    ,0.021169415292353822
95  ,BRYBW-1 ,16.3 ,18.6 ,33.8  ,1003.0           ,21.8       ,70.1       ,0.0    ,9.6   ,64.55    ,0.6094752623688156
96  ,BRYBW-1 ,13.8 ,15.5 ,45.0  ,1019.1           ,20.0       ,54.3       ,0.0    ,8.1   ,68.49    ,0.29157421289355323
97  ,BRYBW-1 ,6.3  ,3.8  ,      ,1005.0           ,11.4       ,82.9       ,0.0    ,5.2   ,92.65    ,0.1799400299850075
98  ,BTUIW-2 ,4.2  ,23.1 ,28.8  ,1006.1           ,6.6        ,95.8       ,0.0    ,2.4   ,87.99    ,0.8005034324942791
99  ,BTUIW-2 ,7.5  ,21.3 ,30.2  ,984.8            ,14.0       ,81.8       ,0.0    ,5.1   ,85.02    ,0.5612814645308923
100 ,BTUIW-2 ,10.0 ,15.8 ,21.0  ,1031.9           ,10.7       ,98.3       ,0.0    ,6.7   ,79.98    ,0.45862700228832953
101 ,BTUIW-2 ,10.6 ,21.7 ,31.6  ,989.4            ,4.3        ,85.0       ,0.0    ,8.4   ,86.56    ,0.20251716247139587
102 ,BTUIW-2 ,13.5 ,12.0 ,6.0   ,1023.0           ,10.4       ,98.2       ,0.0    ,13.0  ,96.5     ,0.11016018306636155
103 ,BTUIW-2 ,16.0 ,15.3 ,17.0  ,1008.7           ,15.2       ,7.8        ,0.0    ,12.2  ,78.04    ,0.46302059496567505
104 ,BTUIW-2 ,14.6 ,17.4 ,19.9  ,1023.4           ,14.5       ,8.2        ,0.0    ,10.3  ,75.43    ,0.49601830663615554
105 ,BTUIW-2 ,7.9  ,14.2 ,12.1  ,999.5            ,15.1       ,87.7       ,0.0    ,6.1   ,88.45    ,0.51441647597254
106 ,CGTHW-1 ,-1.1 ,9.8  ,49.4  ,1010.4           ,21.2       ,42.4       ,0.0    ,-4.4  ,77.77    ,0.46255072463768115
107 ,CGTHW-1 ,3.2  ,14.8 ,41.2  ,985.3            ,9.2        ,60.9       ,0.0    ,1.9   ,91.28    ,0.8208985507246377
108 ,CGTHW-1 ,8.2  ,18.3 ,50.3  ,1028.2           ,21.8       ,70.3       ,0.0    ,4.6   ,78.12    ,0.49101449275362324
109 ,CGTHW-1 ,8.2  ,14.7 ,46.1  ,995.8            ,6.5        ,75.6       ,0.0    ,6.1   ,86.62    ,0.14214492753623187
110 ,CGTHW-1 ,12.2 ,7.3  ,      ,1021.6           ,22.1       ,67.2       ,0.0    ,11.5  ,95.7     ,0.05747826086956522
111 ,CGTHW-1 ,13.6 ,15.0 ,43.3  ,1004.3           ,18.7       ,53.0       ,0.0    ,8.6   ,72.01    ,0.45713043478260873
112 ,CGTHW-1 ,12.2 ,14.2 ,45.0  ,1020.1           ,21.9       ,35.3       ,0.0    ,6.3   ,67.17    ,0.24686956521739128
113 ,CLDCW-1 ,1.9  ,7.7  ,      ,1009.9           ,25.0       ,84.8       ,0.0    ,-3.1  ,69.88    ,0.9712500000000001
114 ,CLDCW-1 ,5.4  ,11.6 ,      ,981.3            ,18.5       ,72.5       ,0.0    ,4.7   ,95.35    ,1.4317857142857144
115 ,CLDCW-1 ,8.1  ,14.4 ,      ,1031.5           ,15.7       ,84.4       ,0.0    ,5.4   ,82.88    ,0.6625
116 ,CLDCW-1 ,8.9  ,13.7 ,27.7  ,992.2            ,1.8        ,91.3       ,0.0    ,8.1   ,94.87    ,0.9766071428571428
117 ,CLDCW-1 ,14.9 ,17.9 ,      ,1008.1           ,26.2       ,61.0       ,0.0    ,9.7   ,71.34    ,1.0457142857142858
118 ,CLDCW-1 ,14.6 ,10.9 ,      ,1021.1           ,37.2       ,81.7       ,0.0    ,11.6  ,82.31    ,0.6476785714285714
119 ,CLDCW-1 ,7.3  ,13.0 ,      ,1000.2           ,11.5       ,79.3       ,0.0    ,5.3   ,87.52    ,0.5846428571428571
120 ,CLDNW-1 ,1.9  ,7.7  ,      ,1009.9           ,25.0       ,84.8       ,0.0    ,-3.1  ,69.88    ,1.0685185185185186
121 ,CLDNW-1 ,5.4  ,11.6 ,      ,981.3            ,18.5       ,72.5       ,0.0    ,4.7   ,95.35    ,1.4068518518518518
122 ,CLDNW-1 ,8.1  ,14.4 ,      ,1031.5           ,15.7       ,84.4       ,0.0    ,5.4   ,82.88    ,0.6911111111111111
123 ,CLDNW-1 ,8.9  ,13.7 ,27.7  ,992.2            ,1.8        ,91.3       ,0.0    ,8.1   ,94.87    ,1.183148148148148
124 ,CLDNW-1 ,14.9 ,17.9 ,      ,1008.1           ,26.2       ,61.0       ,0.0    ,9.7   ,71.34    ,1.291851851851852
125 ,CLDNW-1 ,14.6 ,10.9 ,      ,1021.1           ,37.2       ,81.7       ,0.0    ,11.6  ,82.31    ,0.8261111111111111
126 ,CLDNW-1 ,7.3  ,13.0 ,      ,1000.2           ,11.5       ,79.3       ,0.0    ,5.3   ,87.52    ,0.9205555555555556
127 ,CLDRW-1 ,-1.2 ,9.9  ,49.4  ,1011.3           ,16.7       ,19.6       ,0.0    ,-4.4  ,79.27    ,0.7328108108108108
128 ,CLDRW-1 ,5.4  ,18.3 ,38.0  ,982.7            ,9.1        ,70.7       ,0.0    ,3.8   ,89.19    ,0.9208108108108108
129 ,CLDRW-1 ,9.9  ,19.2 ,46.4  ,1026.8           ,26.1       ,64.1       ,0.0    ,4.2   ,67.51    ,0.9506486486486486
130 ,CLDRW-1 ,7.6  ,13.6 ,46.1  ,996.6            ,2.5        ,82.0       ,0.0    ,6.5   ,93.29    ,0.19167567567567567
131 ,CLDRW-1 ,12.3 ,6.3  ,      ,1020.9           ,20.5       ,74.5       ,0.0    ,11.7  ,96.42    ,0.3014054054054054
132 ,CLDRW-1 ,15.3 ,16.9 ,39.4  ,1003.6           ,23.8       ,48.7       ,0.0    ,8.8   ,65.04    ,0.7355135135135135
133 ,CLDRW-1 ,14.0 ,16.3 ,45.0  ,1018.8           ,22.4       ,33.3       ,0.0    ,7.2   ,63.56    ,0.6000540540540541
134 ,CLDRW-1 ,5.2  ,4.4  ,      ,1004.7           ,9.5        ,74.8       ,0.0    ,4.8   ,97.31    ,0.21594594594594596
135 ,CLDSW-1 ,1.9  ,7.7  ,      ,1009.9           ,25.0       ,84.8       ,0.0    ,-3.1  ,69.88    ,0.5565625
136 ,CLDSW-1 ,5.4  ,11.6 ,      ,981.3            ,18.5       ,72.5       ,0.0    ,4.7   ,95.35    ,0.76953125
137 ,CLDSW-1 ,8.1  ,14.4 ,      ,1031.5           ,15.7       ,84.4       ,0.0    ,5.4   ,82.88    ,0.32671875
138 ,CLDSW-1 ,8.9  ,13.7 ,27.7  ,992.2            ,1.8        ,91.3       ,0.0    ,8.1   ,94.87    ,0.11921875
139 ,CLDSW-1 ,14.9 ,17.9 ,      ,1008.1           ,26.2       ,61.0       ,0.0    ,9.7   ,71.34    ,0.489375
140 ,CLDSW-1 ,14.6 ,10.9 ,      ,1021.1           ,37.2       ,81.7       ,0.0    ,11.6  ,82.31    ,0.3446875
141 ,CLFLW-1 ,-0.1 ,14.1 ,6.9   ,1010.0           ,24.4       ,41.6       ,0.0    ,-3.8  ,76.19    ,0.30441379310344824
142 ,CLFLW-1 ,4.9  ,10.3 ,4.9   ,983.6            ,25.3       ,52.5       ,0.0    ,2.7   ,85.83    ,0.10427586206896552
143 ,CLFLW-1 ,12.5 ,6.1  ,0.0   ,1021.6           ,26.5       ,43.4       ,0.0    ,11.5  ,93.81    ,0.06455172413793103
144 ,CLFLW-1 ,12.7 ,14.8 ,6.0   ,1006.8           ,24.0       ,31.7       ,0.0    ,8.9   ,77.55    ,0.3086896551724138
145 ,CLFLW-1 ,12.4 ,13.5 ,13.0  ,1021.4           ,20.9       ,12.4       ,0.0    ,7.3   ,71.04    ,0.5804137931034483
146 ,CLFLW-1 ,5.7  ,9.3  ,12.1  ,1002.4           ,15.2       ,36.2       ,0.0    ,4.5   ,91.44    ,0.7662068965517241
147 ,COUWW-1 ,4.3  ,23.3 ,29.9  ,1006.1           ,6.6        ,95.7       ,0.0    ,2.5   ,88.13    ,0.8462439024390244
148 ,COUWW-1 ,7.5  ,21.5 ,30.8  ,984.9            ,13.8       ,81.8       ,0.0    ,5.1   ,85.07    ,0.8405853658536585
149 ,COUWW-1 ,10.0 ,15.8 ,21.0  ,1031.9           ,10.6       ,98.3       ,0.0    ,6.7   ,80.05    ,0.8131707317073171
150 ,COUWW-1 ,10.6 ,21.8 ,32.3  ,989.4            ,4.3        ,84.6       ,0.0    ,8.4   ,86.5     ,0.9895609756097562
151 ,COUWW-1 ,13.5 ,12.1 ,6.0   ,1023.0           ,10.4       ,98.2       ,0.0    ,13.0  ,96.54    ,0.20995121951219514
152 ,COUWW-1 ,16.0 ,15.4 ,17.0  ,1008.7           ,15.1       ,7.5        ,0.0    ,12.2  ,78.08    ,0.7498536585365854
153 ,COUWW-1 ,14.5 ,17.5 ,19.9  ,1023.4           ,14.5       ,8.3        ,0.0    ,10.3  ,75.46    ,0.49502439024390243
154 ,COUWW-1 ,7.9  ,14.3 ,12.1  ,999.5            ,15.2       ,87.6       ,0.0    ,6.1   ,88.44    ,0.1957073170731707
155 ,CRGHW-1 ,0.2  ,14.2 ,6.9   ,1009.8           ,26.4       ,40.3       ,0.0    ,-3.6  ,75.75    ,0.5670000000000001
156 ,CRGHW-1 ,5.1  ,8.4  ,4.9   ,984.5            ,21.1       ,54.9       ,0.0    ,3.1   ,86.93    ,0.5536521739130434
157 ,CRGHW-1 ,7.0  ,14.3 ,8.1   ,1030.6           ,12.7       ,36.1       ,0.0    ,5.2   ,88.48    ,0.5932608695652174
158 ,CRGHW-1 ,10.3 ,8.6  ,6.9   ,993.7            ,7.3        ,58.0       ,0.0    ,7.1   ,80.46    ,0.9715217391304347
159 ,CRGHW-1 ,12.3 ,5.0  ,0.0   ,1021.9           ,31.2       ,38.3       ,0.0    ,11.2  ,93.55    ,0.2693913043478261
160 ,CRGHW-1 ,12.3 ,12.6 ,6.0   ,1006.7           ,23.3       ,29.6       ,0.0    ,9.3   ,81.69    ,0.8402608695652174
161 ,CRGHW-1 ,12.3 ,11.3 ,13.0  ,1021.7           ,20.0       ,12.4       ,0.0    ,7.6   ,72.93    ,0.5538695652173914
162 ,CRGHW-1 ,5.8  ,8.5  ,12.1  ,1002.7           ,20.8       ,31.7       ,0.0    ,4.0   ,88.2     ,0.587
163 ,CRMLW-1 ,0.2  ,1.4  ,      ,1010.3           ,21.9       ,97.9       ,0.0    ,-2.8  ,80.09    ,0.03204210526315789
164 ,CRMLW-1 ,4.7  ,18.3 ,32.8  ,987.7            ,18.0       ,80.1       ,0.0    ,2.4   ,84.96    ,0.2105684210526316
165 ,CRMLW-1 ,9.2  ,23.7 ,38.0  ,1027.3           ,30.5       ,88.9       ,0.0    ,5.4   ,77.18    ,0.796
166 ,CRMLW-1 ,8.6  ,19.1 ,      ,996.6            ,5.0        ,98.0       ,0.0    ,6.6   ,87.2     ,0.17621052631578946
167 ,CRMLW-1 ,12.2 ,8.1  ,      ,1022.0           ,4.7        ,60.5       ,0.0    ,11.6  ,96.11    ,0.02576842105263158
168 ,CRMLW-1 ,11.4 ,13.8 ,31.1  ,1004.2           ,4.3        ,88.6       ,0.0    ,9.7   ,89.73    ,0.2239157894736842
169 ,CRMLW-1 ,12.7 ,21.5 ,30.0  ,1019.8           ,21.4       ,48.4       ,0.0    ,6.5   ,65.59    ,0.4393684210526316
170 ,CRMLW-1 ,5.2  ,5.9  ,      ,1005.1           ,24.5       ,79.7       ,0.0    ,3.0   ,86.02    ,0.10896842105263158
171 ,CRYRW-2 ,2.2  ,5.6  ,      ,1011.2           ,23.4       ,52.2       ,0.0    ,-3.1  ,68.25    ,0.1378405797101449
172 ,CRYRW-2 ,6.6  ,8.0  ,      ,979.5            ,11.6       ,89.3       ,0.0    ,5.4   ,92.46    ,0.35181159420289854
173 ,CRYRW-2 ,11.1 ,14.6 ,30.0  ,1029.7           ,23.7       ,57.6       ,0.0    ,5.2   ,66.91    ,0.39085507246376816
174 ,CRYRW-2 ,8.2  ,10.9 ,      ,993.7            ,1.0        ,99.3       ,0.0    ,7.8   ,97.19    ,0.013173913043478262
175 ,CRYRW-2 ,17.0 ,11.0 ,22.1  ,1006.8           ,19.0       ,82.6       ,0.0    ,10.7  ,66.6     ,0.4293913043478261
176 ,CRYRW-2 ,15.9 ,6.7  ,8.9   ,1019.6           ,27.4       ,74.3       ,0.0    ,13.2  ,83.94    ,0.3029420289855072
177 ,CRYRW-2 ,7.9  ,13.1 ,      ,1001.5           ,7.4        ,79.4       ,0.0    ,7.2   ,95.35    ,0.5789420289855073
178 ,DALSW-1 ,2.3  ,10.1 ,      ,1009.9           ,19.0       ,88.3       ,0.0    ,-1.8  ,74.56    ,0.17099999999999999
179 ,DALSW-1 ,5.7  ,10.5 ,      ,980.7            ,25.5       ,72.3       ,0.0    ,4.6   ,92.71    ,0.6746
180 ,DALSW-1 ,8.5  ,12.6 ,      ,1031.9           ,15.4       ,78.8       ,0.0    ,4.9   ,78.38    ,0.25073333333333336
181 ,DALSW-1 ,9.5  ,13.9 ,27.7  ,991.8            ,3.9        ,88.7       ,0.0    ,8.5   ,93.15    ,0.5751333333333334
182 ,DALSW-1 ,13.0 ,2.7  ,      ,1021.6           ,8.7        ,87.8       ,0.0    ,12.3  ,95.58    ,0.1824
183 ,DALSW-1 ,14.7 ,16.7 ,      ,1008.8           ,24.3       ,59.4       ,0.0    ,10.5  ,75.78    ,0.15786666666666666
184 ,DALSW-1 ,15.2 ,9.1  ,      ,1021.1           ,28.8       ,81.5       ,0.0    ,12.9  ,85.91    ,0.6557333333333334
185 ,DALSW-1 ,7.7  ,13.9 ,      ,999.3            ,11.5       ,69.8       ,0.0    ,5.6   ,86.48    ,0.7860666666666667
186 ,DRSLW-1 ,2.7  ,9.9  ,      ,1008.4           ,17.1       ,89.6       ,0.0    ,-0.6  ,79.0     ,0.9328695652173913
187 ,DRSLW-1 ,7.0  ,13.6 ,17.9  ,982.8            ,25.6       ,86.2       ,0.0    ,5.2   ,88.31    ,0.7186956521739131
188 ,DRSLW-1 ,9.4  ,12.2 ,      ,1031.8           ,16.0       ,82.4       ,0.0    ,5.6   ,77.36    ,0.4461159420289855
189 ,DRSLW-1 ,10.1 ,17.4 ,27.7  ,990.5            ,3.7        ,71.4       ,0.0    ,8.4   ,89.35    ,0.2603478260869565
190 ,DRSLW-1 ,13.8 ,7.4  ,6.0   ,1022.0           ,15.8       ,91.7       ,0.0    ,12.8  ,93.18    ,0.026956521739130435
191 ,DRSLW-1 ,15.4 ,16.9 ,      ,1008.5           ,28.3       ,55.5       ,0.0    ,10.1  ,70.32    ,0.30530434782608695
192 ,DRSLW-1 ,14.5 ,13.0 ,      ,1022.5           ,35.9       ,54.4       ,0.0    ,10.2  ,75.58    ,0.27373913043478265
193 ,DRSLW-1 ,7.6  ,11.6 ,      ,999.7            ,16.5       ,91.0       ,0.0    ,5.6   ,87.38    ,0.25136231884057975
194 ,DUNGW-1 ,-1.0 ,9.3  ,49.4  ,1010.4           ,20.8       ,40.9       ,0.0    ,-4.4  ,77.75    ,0.88
195 ,DUNGW-1 ,3.3  ,15.4 ,41.0  ,985.2            ,9.2        ,60.7       ,0.0    ,2.0   ,91.06    ,0.2021063829787234
196 ,DUNGW-1 ,8.3  ,18.8 ,49.5  ,1028.0           ,22.9       ,70.2       ,0.0    ,4.6   ,77.34    ,0.8648936170212765
197 ,DUNGW-1 ,8.1  ,15.1 ,46.1  ,996.0            ,6.0        ,76.6       ,0.0    ,6.1   ,87.36    ,0.385468085106383
198 ,DUNGW-1 ,12.2 ,7.2  ,      ,1021.5           ,21.1       ,66.9       ,0.0    ,11.6  ,95.96    ,0.059000000000000004
199 ,DUNGW-1 ,13.7 ,15.1 ,42.6  ,1004.1           ,18.3       ,53.4       ,0.0    ,8.7   ,71.82    ,0.8772340425531914
200 ,DUNGW-1 ,12.3 ,14.7 ,45.0  ,1019.9           ,21.4       ,34.5       ,0.0    ,6.3   ,67.05    ,0.29704255319148937
201 ,DUNGW-1 ,5.0  ,3.9  ,      ,1004.6           ,23.1       ,71.1       ,0.0    ,3.7   ,91.17    ,0.22572340425531914
202 ,EDINW-1 ,2.7  ,10.1 ,15.0  ,1006.3           ,20.7       ,49.9       ,0.0    ,0.1   ,82.99    ,0.2628095238095238
203 ,EDINW-1 ,5.5  ,17.0 ,25.1  ,989.7            ,14.6       ,42.1       ,0.0    ,4.0   ,90.07    ,0.8240952380952381
204 ,EDINW-1 ,9.9  ,7.1  ,14.1  ,1028.0           ,8.2        ,47.1       ,0.0    ,8.2   ,89.22    ,0.26271428571428573
205 ,EDINW-1 ,12.7 ,4.1  ,10.1  ,993.0            ,9.1        ,2.8        ,0.0    ,5.3   ,60.44    ,0.4177142857142857
206 ,EDINW-1 ,11.6 ,2.1  ,10.1  ,1022.7           ,24.1       ,42.6       ,0.0    ,10.8  ,94.85    ,0.0929047619047619
207 ,EDINW-1 ,13.8 ,10.1 ,15.0  ,1005.1           ,24.7       ,35.4       ,0.0    ,11.4  ,85.48    ,0.23095238095238094
208 ,EDINW-1 ,13.4 ,8.5  ,19.9  ,1021.1           ,19.3       ,10.5       ,0.0    ,9.4   ,76.78    ,0.5254285714285715
209 ,EDINW-1 ,5.5  ,0.1  ,0.0   ,1003.3           ,23.2       ,42.1       ,0.0    ,3.1   ,83.99    ,0.10585714285714284
210 ,EWHLW-1 ,2.6  ,9.6  ,      ,1010.6           ,20.0       ,87.4       ,0.0    ,-2.0  ,71.86    ,0.22345945945945947
211 ,EWHLW-1 ,5.8  ,9.3  ,      ,980.2            ,29.7       ,69.1       ,0.0    ,4.6   ,91.89    ,0.296972972972973
212 ,EWHLW-1 ,8.7  ,12.3 ,      ,1031.7           ,19.4       ,94.3       ,0.0    ,4.5   ,74.88    ,0.367945945945946
213 ,EWHLW-1 ,9.3  ,10.4 ,      ,992.3            ,3.4        ,93.9       ,0.0    ,8.4   ,93.88    ,0.3292432432432433
214 ,EWHLW-1 ,14.5 ,15.4 ,      ,1009.1           ,24.8       ,68.3       ,0.0    ,10.6  ,77.46    ,0.5564324324324325
215 ,EWHLW-1 ,15.5 ,7.0  ,      ,1020.7           ,18.2       ,83.6       ,0.0    ,14.0  ,90.73    ,0.373027027027027
216 ,EWHLW-1 ,7.9  ,13.6 ,      ,999.4            ,9.4        ,64.6       ,0.0    ,6.0   ,87.91    ,0.6183243243243244
217 ,FAARW-1 ,-1.0 ,8.6  ,49.4  ,1010.4           ,19.6       ,32.4       ,0.0    ,-4.3  ,77.92    ,0.3456521739130435
218 ,FAARW-1 ,3.4  ,15.8 ,40.7  ,984.9            ,8.5        ,58.8       ,0.0    ,2.1   ,91.18    ,0.21782608695652173
219 ,FAARW-1 ,8.6  ,18.8 ,48.4  ,1027.7           ,23.9       ,69.4       ,0.0    ,4.5   ,75.81    ,0.6928260869565218
220 ,FAARW-1 ,8.0  ,15.2 ,46.1  ,996.1            ,5.3        ,77.1       ,0.0    ,6.2   ,88.57    ,0.245
221 ,FAARW-1 ,12.2 ,6.7  ,      ,1021.3           ,20.8       ,67.2       ,0.0    ,11.7  ,96.52    ,0.027608695652173915
222 ,FAARW-1 ,14.1 ,14.9 ,41.4  ,1003.8           ,18.7       ,50.7       ,0.0    ,8.8   ,70.14    ,0.7220869565217392
223 ,FAARW-1 ,12.4 ,14.6 ,45.0  ,1019.6           ,20.4       ,32.4       ,0.0    ,6.4   ,66.54    ,0.43282608695652175
224 ,FAARW-1 ,5.1  ,4.2  ,      ,1004.6           ,21.7       ,71.6       ,0.0    ,3.8   ,91.43    ,0.2681304347826087
225 ,FAARW-2 ,-1.0 ,8.6  ,49.4  ,1010.4           ,19.6       ,32.4       ,0.0    ,-4.3  ,77.92    ,0.44717391304347825
226 ,FAARW-2 ,3.4  ,15.8 ,40.7  ,984.9            ,8.5        ,58.8       ,0.0    ,2.1   ,91.18    ,0.002391304347826087
227 ,FAARW-2 ,8.6  ,18.8 ,48.4  ,1027.7           ,23.9       ,69.4       ,0.0    ,4.5   ,75.81    ,0.6265217391304347
228 ,FAARW-2 ,8.0  ,15.2 ,46.1  ,996.1            ,5.3        ,77.1       ,0.0    ,6.2   ,88.57    ,0.30195652173913046
229 ,FAARW-2 ,12.2 ,6.7  ,      ,1021.3           ,20.8       ,67.2       ,0.0    ,11.7  ,96.52    ,0.029782608695652177
230 ,FAARW-2 ,14.1 ,14.9 ,41.4  ,1003.8           ,18.7       ,50.7       ,0.0    ,8.8   ,70.14    ,0.7225217391304347
231 ,FAARW-2 ,12.4 ,14.6 ,45.0  ,1019.6           ,20.4       ,32.4       ,0.0    ,6.4   ,66.54    ,0.439
232 ,FAARW-2 ,5.1  ,4.2  ,      ,1004.6           ,21.7       ,71.6       ,0.0    ,3.8   ,91.43    ,0.23426086956521738
233 ,FSDLW-1 ,3.5  ,16.2 ,24.3  ,1006.7           ,10.3       ,90.7       ,0.0    ,1.2   ,84.78    ,0.8757657657657658
234 ,FSDLW-1 ,7.3  ,17.6 ,27.8  ,984.8            ,17.5       ,85.5       ,0.0    ,5.2   ,86.47    ,0.3337837837837838
235 ,FSDLW-1 ,10.0 ,12.8 ,21.0  ,1031.8           ,11.4       ,94.4       ,0.0    ,6.5   ,79.12    ,0.5293693693693694
236 ,FSDLW-1 ,10.4 ,18.7 ,29.8  ,990.2            ,4.3        ,77.4       ,0.0    ,8.1   ,85.66    ,0.5370270270270271
237 ,FSDLW-1 ,13.7 ,10.1 ,6.0   ,1022.8           ,14.9       ,94.5       ,0.0    ,12.7  ,93.96    ,0.03576576576576577
238 ,FSDLW-1 ,16.1 ,13.9 ,17.0  ,1008.5           ,19.6       ,23.1       ,0.0    ,11.6  ,74.84    ,0.4181081081081081
239 ,FSDLW-1 ,14.7 ,14.9 ,19.9  ,1023.3           ,18.6       ,19.9       ,0.0    ,10.2  ,74.83    ,0.3845045045045045
240 ,FSDLW-1 ,7.7  ,11.9 ,12.1  ,999.9            ,17.0       ,83.8       ,0.0    ,6.1   ,89.54    ,0.8228828828828829
241 ,GDSTW-1 ,2.3  ,1.7  ,0.0   ,1011.5           ,14.8       ,21.3       ,0.0    ,-3.3  ,66.77    ,0.38584615384615384
242 ,GDSTW-1 ,5.1  ,5.6  ,2.4   ,981.7            ,8.9        ,68.8       ,0.0    ,4.7   ,97.19    ,0.8927692307692308
243 ,GDSTW-1 ,11.4 ,3.1  ,2.4   ,1026.6           ,27.1       ,75.4       ,0.0    ,5.6   ,67.39    ,0.4416923076923077
244 ,GDSTW-1 ,8.3  ,2.0  ,0.0   ,996.5            ,1.5        ,100.0      ,0.0    ,-33.4 ,3.38     ,0.07876923076923077
245 ,GDSTW-1 ,11.6 ,0.6  ,0.0   ,1020.8           ,17.0       ,92.4       ,0.0    ,11.4  ,99.15    ,0.0003076923076923077
246 ,GDSTW-1 ,16.2 ,14.3 ,19.7  ,1003.7           ,24.8       ,52.1       ,0.0    ,9.1   ,63.01    ,0.5233846153846154
247 ,GDSTW-1 ,15.3 ,2.9  ,0.0   ,1018.5           ,24.7       ,44.1       ,0.0    ,9.3   ,67.2     ,0.2683076923076923
248 ,GDSTW-1 ,5.7  ,4.3  ,4.0   ,1004.6           ,6.5        ,78.4       ,0.0    ,5.1   ,95.81    ,0.12676923076923077
249 ,GLOFW-1 ,0.6  ,5.6  ,7.6   ,1011.4           ,15.1       ,14.6       ,0.0    ,-3.7  ,72.79    ,0.45056179775280897
250 ,GLOFW-1 ,4.5  ,19.2 ,40.0  ,982.1            ,8.9        ,61.6       ,0.0    ,3.1   ,90.92    ,0.7614232209737827
251 ,GLOFW-1 ,10.7 ,10.1 ,13.2  ,1026.8           ,26.1       ,66.3       ,0.0    ,4.9   ,67.03    ,0.5450936329588015
252 ,GLOFW-1 ,7.9  ,7.1  ,7.1   ,996.5            ,2.0        ,85.1       ,0.0    ,-15.6 ,17.1     ,0.0602247191011236
253 ,GLOFW-1 ,12.0 ,5.5  ,      ,1020.9           ,19.2       ,70.0       ,0.0    ,11.5  ,97.04    ,0.04232209737827715
254 ,GLOFW-1 ,15.0 ,17.8 ,39.7  ,1003.7           ,24.2       ,43.8       ,0.0    ,8.4   ,64.71    ,0.5241198501872659
255 ,GLOFW-1 ,14.0 ,17.4 ,44.5  ,1018.7           ,23.5       ,32.3       ,0.0    ,6.9   ,62.47    ,0.39325842696629215
256 ,GLOFW-1 ,5.1  ,7.1  ,36.9  ,1004.6           ,8.7        ,71.2       ,0.0    ,4.7   ,97.69    ,0.10441947565543071
257 ,GRIFW-1 ,1.8  ,5.7  ,      ,1010.9           ,18.4       ,55.8       ,0.0    ,-2.6  ,72.9     ,0.04647058823529412
258 ,GRIFW-1 ,6.5  ,7.5  ,      ,982.1            ,24.1       ,87.5       ,0.0    ,3.3   ,80.17    ,0.09764705882352942
259 ,GRIFW-1 ,10.9 ,14.3 ,30.0  ,1029.3           ,22.1       ,79.4       ,0.0    ,5.0   ,66.62    ,0.21901960784313726
260 ,GRIFW-1 ,8.9  ,11.3 ,      ,995.0            ,3.5        ,98.2       ,0.0    ,7.5   ,90.91    ,0.1758823529411765
261 ,GRIFW-1 ,14.4 ,3.3  ,      ,1021.1           ,11.8       ,87.9       ,0.0    ,13.9  ,96.45    ,0.041176470588235294
262 ,GRIFW-1 ,16.3 ,10.8 ,      ,1020.2           ,27.1       ,36.7       ,0.0    ,8.4   ,59.66    ,0.3321568627450981
263 ,GRIFW-1 ,7.2  ,5.1  ,      ,1003.2           ,8.8        ,88.0       ,0.0    ,6.5   ,95.07    ,0.41215686274509805
264 ,GRIFW-2 ,1.8  ,5.7  ,      ,1010.9           ,18.4       ,55.8       ,0.0    ,-2.6  ,72.9     ,0.07117647058823529
265 ,GRIFW-2 ,6.5  ,7.5  ,      ,982.1            ,24.1       ,87.5       ,0.0    ,3.3   ,80.17    ,0.09803921568627451
266 ,GRIFW-2 ,10.9 ,14.3 ,30.0  ,1029.3           ,22.1       ,79.4       ,0.0    ,5.0   ,66.62    ,0.2966666666666667
267 ,GRIFW-2 ,8.9  ,11.3 ,      ,995.0            ,3.5        ,98.2       ,0.0    ,7.5   ,90.91    ,0.21745098039215685
268 ,GRIFW-2 ,14.4 ,3.3  ,      ,1021.1           ,11.8       ,87.9       ,0.0    ,13.9  ,96.45    ,0.09137254901960784
269 ,GRIFW-2 ,16.0 ,12.7 ,30.0  ,1005.9           ,22.8       ,64.4       ,0.0    ,10.8  ,71.3     ,0.5105882352941177
270 ,GRIFW-2 ,16.3 ,10.8 ,      ,1020.2           ,27.1       ,36.7       ,0.0    ,8.4   ,59.66    ,0.5241176470588236
271 ,GRIFW-2 ,7.2  ,5.1  ,      ,1003.2           ,8.8        ,88.0       ,0.0    ,6.5   ,95.07    ,0.4686274509803921
272 ,HBHDW-1 ,2.7  ,6.9  ,      ,1010.1           ,22.4       ,85.6       ,0.0    ,-3.8  ,62.08    ,0.07110251450676983
273 ,HBHDW-1 ,6.1  ,9.8  ,      ,981.3            ,15.5       ,81.7       ,0.0    ,5.1   ,93.55    ,0.26878143133462284
274 ,HBHDW-1 ,9.1  ,15.3 ,      ,1030.7           ,17.5       ,87.3       ,0.0    ,5.8   ,79.75    ,0.18011605415860732
275 ,HBHDW-1 ,8.6  ,13.5 ,27.7  ,993.2            ,1.6        ,95.9       ,0.0    ,8.0   ,96.09    ,0.48955512572533844
276 ,HBHDW-1 ,14.0 ,1.8  ,      ,1021.3           ,9.4        ,92.3       ,0.0    ,13.5  ,96.62    ,0.006653771760154738
277 ,HBHDW-1 ,15.3 ,16.7 ,      ,1007.3           ,22.6       ,80.0       ,0.0    ,9.9   ,70.51    ,0.39903288201160536
278 ,HBHDW-1 ,15.5 ,13.1 ,      ,1020.7           ,31.1       ,54.7       ,0.0    ,10.6  ,72.56    ,0.2639071566731141
279 ,HBHDW-1 ,7.6  ,11.0 ,      ,1001.2           ,8.2        ,82.1       ,0.0    ,6.2   ,90.6     ,0.19311411992263056
280 ,HLGLW-1 ,2.4  ,6.1  ,49.4  ,1010.4           ,21.4       ,51.2       ,0.0    ,-3.8  ,63.43    ,0.1292142857142857
281 ,HLGLW-1 ,5.7  ,23.0 ,38.0  ,984.7            ,6.9        ,74.8       ,0.0    ,4.1   ,89.87    ,0.7142142857142858
282 ,HLGLW-1 ,10.4 ,20.4 ,40.0  ,1026.6           ,27.5       ,56.6       ,0.0    ,5.4   ,71.17    ,0.41171428571428575
283 ,HLGLW-1 ,8.9  ,14.4 ,46.1  ,996.6            ,3.9        ,90.7       ,0.0    ,7.1   ,88.44    ,0.1962857142857143
284 ,HLGLW-1 ,13.1 ,4.2  ,      ,1021.0           ,11.7       ,80.8       ,0.0    ,12.5  ,96.46    ,0.012928571428571428
285 ,HLGLW-1 ,16.5 ,18.5 ,33.0  ,1003.0           ,25.0       ,75.2       ,0.0    ,9.6   ,63.96    ,0.34214285714285714
286 ,HLGLW-1 ,13.8 ,15.3 ,45.0  ,1019.1           ,22.9       ,58.3       ,0.0    ,8.0   ,67.91    ,0.28657142857142853
287 ,HLGLW-1 ,5.2  ,4.0  ,      ,1005.1           ,13.2       ,85.9       ,0.0    ,4.8   ,96.83    ,0.2372857142857143
288 ,HRSTW-1 ,2.1  ,9.2  ,      ,1010.2           ,20.7       ,88.3       ,0.0    ,-2.4  ,72.01    ,0.051484375
289 ,HRSTW-1 ,5.7  ,10.0 ,      ,980.7            ,24.9       ,77.7       ,0.0    ,4.6   ,92.78    ,0.715859375
290 ,HRSTW-1 ,8.3  ,12.9 ,      ,1031.7           ,15.0       ,87.4       ,0.0    ,4.8   ,78.96    ,0.205125
291 ,HRSTW-1 ,9.0  ,12.6 ,27.7  ,992.2            ,2.1        ,93.2       ,0.0    ,8.2   ,94.94    ,0.164859375
292 ,HRSTW-1 ,14.3 ,17.1 ,      ,1008.6           ,25.5       ,64.3       ,0.0    ,10.6  ,78.39    ,0.3550625
293 ,HRSTW-1 ,15.1 ,8.1  ,      ,1020.9           ,27.9       ,81.6       ,0.0    ,12.7  ,85.44    ,0.44140625
294 ,HRSTW-1 ,7.3  ,13.3 ,      ,999.8            ,10.7       ,68.8       ,0.0    ,5.5   ,87.76    ,0.62078125
295 ,KILBW-1 ,2.1  ,5.2  ,2.9   ,1010.3           ,24.2       ,72.4       ,0.0    ,-1.7  ,76.26    ,0.36252631578947364
296 ,KILBW-1 ,9.2  ,10.0 ,10.1  ,997.6            ,4.5        ,99.4       ,0.0    ,7.7   ,90.79    ,1.3671999999999997
297 ,KILBW-1 ,13.5 ,7.2  ,10.1  ,1021.0           ,18.8       ,86.6       ,0.0    ,12.3  ,92.55    ,0.16614736842105263
298 ,KILBW-1 ,15.3 ,15.4 ,31.1  ,1003.0           ,19.6       ,82.3       ,0.0    ,10.5  ,73.34    ,0.2711157894736842
299 ,KILBW-1 ,14.2 ,15.4 ,21.9  ,1018.9           ,15.7       ,29.0       ,0.0    ,8.4   ,68.22    ,1.1550315789473684
300 ,KILBW-1 ,5.7  ,5.4  ,2.0   ,1005.5           ,13.3       ,62.3       ,0.0    ,5.0   ,94.75    ,0.31334736842105265
301 ,KLGLW-1 ,3.7  ,18.5 ,10.1  ,1007.8           ,7.0        ,90.7       ,0.0    ,2.2   ,90.07    ,0.9388070175438596
302 ,KLGLW-1 ,7.2  ,18.1 ,17.0  ,983.4            ,14.0       ,89.2       ,0.0    ,5.3   ,87.85    ,0.8491403508771931
303 ,KLGLW-1 ,10.0 ,11.1 ,16.5  ,1032.4           ,22.1       ,86.0       ,0.0    ,5.8   ,75.5     ,0.26069298245614037
304 ,KLGLW-1 ,9.9  ,16.9 ,21.4  ,990.3            ,3.2        ,78.0       ,0.5    ,8.9   ,93.13    ,0.545219298245614
305 ,KLGLW-1 ,13.7 ,12.2 ,10.1  ,1022.5           ,4.8        ,90.8       ,0.0    ,12.8  ,94.09    ,0.3728245614035088
306 ,KLGLW-1 ,15.6 ,15.6 ,14.5  ,1009.5           ,18.7       ,75.8       ,0.0    ,10.8  ,73.17    ,0.38566666666666666
307 ,KLGLW-1 ,14.7 ,17.7 ,15.4  ,1022.8           ,21.9       ,44.8       ,0.0    ,11.3  ,79.89    ,0.8058947368421052
308 ,KLGLW-1 ,8.2  ,12.6 ,13.1  ,998.3            ,16.0       ,87.6       ,0.0    ,5.8   ,84.45    ,0.6178771929824561
309 ,MILWW-1 ,-1.9 ,19.2 ,49.4  ,1010.3           ,25.0       ,46.5       ,0.0    ,-4.8  ,80.48    ,0.251
310 ,MILWW-1 ,3.5  ,11.8 ,17.2  ,986.2            ,11.0       ,64.9       ,0.0    ,2.2   ,90.69    ,1.5035
311 ,MILWW-1 ,5.9  ,19.1 ,55.3  ,1029.4           ,17.5       ,50.0       ,0.0    ,4.0   ,88.07    ,0.612
312 ,MILWW-1 ,9.5  ,10.0 ,19.7  ,995.2            ,9.3        ,70.9       ,0.0    ,6.2   ,79.88    ,0.627
313 ,MILWW-1 ,10.8 ,7.8  ,      ,1022.2           ,24.0       ,46.7       ,0.0    ,10.1  ,95.32    ,0.0485
314 ,MILWW-1 ,10.3 ,17.1 ,48.3  ,1005.3           ,18.6       ,41.6       ,0.0    ,7.6   ,83.16    ,1.131
315 ,MILWW-1 ,9.8  ,13.1 ,45.0  ,1021.0           ,25.5       ,29.8       ,0.0    ,5.8   ,76.1     ,0.49050000000000005
316 ,MILWW-1 ,3.6  ,6.7  ,      ,1004.3           ,29.2       ,49.2       ,0.0    ,2.4   ,92.03    ,0.209
317 ,MINSW-1 ,2.6  ,9.6  ,      ,1010.6           ,20.1       ,87.4       ,0.0    ,-1.9  ,71.88    ,0.21097826086956525
318 ,MINSW-1 ,5.8  ,9.3  ,      ,980.2            ,29.9       ,68.7       ,0.0    ,4.6   ,91.88    ,0.17771739130434783
319 ,MINSW-1 ,8.7  ,12.3 ,      ,1031.7           ,19.6       ,94.2       ,0.0    ,4.5   ,74.81    ,0.33663043478260873
320 ,MINSW-1 ,9.4  ,10.4 ,      ,992.3            ,3.4        ,93.8       ,0.0    ,8.4   ,93.81    ,0.5173369565217392
321 ,MINSW-1 ,13.0 ,2.0  ,      ,1021.5           ,8.1        ,86.5       ,0.0    ,12.3  ,95.57    ,0.0032608695652173916
322 ,MINSW-1 ,14.6 ,15.4 ,      ,1009.1           ,24.8       ,68.1       ,0.0    ,10.6  ,77.21    ,0.385108695652174
323 ,MINSW-1 ,15.5 ,7.0  ,      ,1020.7           ,18.1       ,83.7       ,0.0    ,14.0  ,90.9     ,0.2388586956521739
324 ,MINSW-1 ,7.9  ,13.7 ,      ,999.4            ,9.4        ,64.6       ,0.0    ,6.0   ,87.9     ,0.5044021739130435
325 ,MKHLW-1 ,3.3  ,16.3 ,6.0   ,1007.8           ,8.9        ,91.1       ,0.0    ,1.4   ,87.51    ,0.8136428571428571
326 ,MKHLW-1 ,7.3  ,17.4 ,17.9  ,983.3            ,17.6       ,88.7       ,0.0    ,5.3   ,87.46    ,0.6933214285714285
327 ,MKHLW-1 ,9.8  ,11.5 ,21.0  ,1032.2           ,19.9       ,82.5       ,0.0    ,5.9   ,76.37    ,0.21264285714285713
328 ,MKHLW-1 ,10.0 ,17.6 ,25.9  ,990.2            ,3.4        ,75.6       ,0.0    ,8.7   ,91.24    ,0.5564285714285714
329 ,MKHLW-1 ,13.7 ,10.9 ,6.0   ,1022.4           ,5.3        ,91.3       ,0.0    ,12.9  ,94.53    ,0.10625
330 ,MKHLW-1 ,15.6 ,16.0 ,17.0  ,1009.2           ,21.0       ,64.4       ,0.0    ,10.7  ,72.61    ,0.040428571428571425
331 ,MKHLW-1 ,14.7 ,16.5 ,19.9  ,1022.8           ,25.8       ,46.9       ,0.0    ,11.0  ,78.5     ,0.43442857142857144
332 ,MKHLW-1 ,8.0  ,12.3 ,12.1  ,998.6            ,16.2       ,88.4       ,0.0    ,5.7   ,85.58    ,0.32525
333 ,SANQW-1 ,2.1  ,9.5  ,      ,1009.2           ,20.7       ,86.9       ,0.0    ,-1.8  ,75.5     ,0.9283333333333333
334 ,SANQW-1 ,6.1  ,12.4 ,      ,982.0            ,21.1       ,80.3       ,0.0    ,4.9   ,92.23    ,0.8575308641975309
335 ,SANQW-1 ,8.7  ,12.9 ,      ,1031.7           ,15.6       ,78.0       ,0.0    ,5.4   ,79.75    ,0.6198765432098765
336 ,SANQW-1 ,9.5  ,16.0 ,27.7  ,991.4            ,2.7        ,81.9       ,0.0    ,8.2   ,92.05    ,0.16080246913580248
337 ,SANQW-1 ,13.6 ,5.3  ,      ,1021.7           ,13.7       ,91.8       ,0.0    ,12.6  ,94.07    ,0.3030246913580247
338 ,SANQW-1 ,15.2 ,17.7 ,      ,1008.3           ,26.9       ,56.8       ,0.0    ,10.0  ,70.89    ,0.45450617283950623
339 ,SANQW-1 ,14.5 ,12.2 ,      ,1021.8           ,35.6       ,67.6       ,0.0    ,11.0  ,79.14    ,0.8067901234567901
340 ,SANQW-1 ,7.4  ,12.9 ,      ,999.8            ,14.1       ,82.7       ,0.0    ,5.4   ,87.2     ,0.3080864197530864
341 ,STLGW-1 ,-1.9 ,15.6 ,49.4  ,1010.3           ,23.3       ,43.1       ,0.0    ,-4.8  ,80.22    ,0.7852602739726027
342 ,STLGW-1 ,3.2  ,12.0 ,28.2  ,985.7            ,9.9        ,61.2       ,0.0    ,1.9   ,90.89    ,0.934
343 ,STLGW-1 ,6.5  ,18.4 ,55.3  ,1029.2           ,18.0       ,57.9       ,0.0    ,4.2   ,84.84    ,0.3505205479452055
344 ,STLGW-1 ,8.5  ,12.7 ,46.1  ,995.3            ,8.3        ,70.3       ,0.0    ,6.0   ,83.95    ,0.14112328767123286
345 ,STLGW-1 ,11.3 ,7.3  ,      ,1022.0           ,24.7       ,53.1       ,0.0    ,10.6  ,95.46    ,0.05241095890410959
346 ,STLGW-1 ,11.4 ,16.8 ,46.3  ,1005.1           ,19.0       ,42.9       ,0.0    ,7.6   ,77.77    ,0.5546301369863014
347 ,STLGW-1 ,4.0  ,6.2  ,36.9  ,1004.3           ,28.4       ,56.4       ,0.0    ,2.8   ,91.76    ,0.16156164383561644
348 ,STLGW-2 ,-1.9 ,15.6 ,49.4  ,1010.3           ,23.3       ,43.1       ,0.0    ,-4.8  ,80.22    ,0.8742168674698796
349 ,STLGW-2 ,3.2  ,12.0 ,28.2  ,985.7            ,9.9        ,61.2       ,0.0    ,1.9   ,90.89    ,0.9080240963855422
350 ,STLGW-2 ,6.5  ,18.4 ,55.3  ,1029.2           ,18.0       ,57.9       ,0.0    ,4.2   ,84.84    ,0.26467469879518074
351 ,STLGW-2 ,8.5  ,12.7 ,46.1  ,995.3            ,8.3        ,70.3       ,0.0    ,6.0   ,83.95    ,0.07787951807228916
352 ,STLGW-2 ,11.3 ,7.3  ,      ,1022.0           ,24.7       ,53.1       ,0.0    ,10.6  ,95.46    ,0.046530120481927714
353 ,STLGW-2 ,11.4 ,16.8 ,46.3  ,1005.1           ,19.0       ,42.9       ,0.0    ,7.6   ,77.77    ,0.5865301204819278
354 ,STLGW-2 ,4.0  ,6.2  ,36.9  ,1004.3           ,28.4       ,56.4       ,0.0    ,2.8   ,91.76    ,0.25021686746987953
355 ,STLGW-3 ,-1.9 ,15.6 ,49.4  ,1010.3           ,23.3       ,43.1       ,0.0    ,-4.8  ,80.22    ,0.9235342465753426
356 ,STLGW-3 ,3.2  ,12.0 ,28.2  ,985.7            ,9.9        ,61.2       ,0.0    ,1.9   ,90.89    ,0.8424931506849316
357 ,STLGW-3 ,6.5  ,18.4 ,55.3  ,1029.2           ,18.0       ,57.9       ,0.0    ,4.2   ,84.84    ,0.2027671232876712
358 ,STLGW-3 ,8.5  ,12.7 ,46.1  ,995.3            ,8.3        ,70.3       ,0.0    ,6.0   ,83.95    ,0.05147945205479452
359 ,STLGW-3 ,11.3 ,7.3  ,      ,1022.0           ,24.7       ,53.1       ,0.0    ,10.6  ,95.46    ,0.04413698630136986
360 ,STLGW-3 ,11.4 ,16.8 ,46.3  ,1005.1           ,19.0       ,42.9       ,0.0    ,7.6   ,77.77    ,0.5995890410958905
361 ,STLGW-3 ,4.0  ,6.2  ,36.9  ,1004.3           ,28.4       ,56.4       ,0.0    ,2.8   ,91.76    ,0.302986301369863
362 ,STRNW-1 ,0.9  ,9.3  ,28.0  ,1010.2           ,19.6       ,34.0       ,0.0    ,-2.6  ,77.44    ,0.21232352941176472
363 ,STRNW-1 ,5.5  ,22.1 ,29.0  ,986.9            ,7.3        ,71.7       ,0.0    ,2.9   ,83.15    ,0.1920294117647059
364 ,STRNW-1 ,10.2 ,19.6 ,30.5  ,1024.7           ,23.1       ,38.2       ,0.2    ,7.2   ,82.0     ,0.9814117647058824
365 ,STRNW-1 ,8.8  ,11.9 ,20.5  ,998.3            ,4.4        ,97.7       ,0.0    ,7.2   ,89.66    ,0.4810588235294118
366 ,STRNW-1 ,11.9 ,4.2  ,2.5   ,1020.7           ,10.1       ,90.0       ,0.0    ,11.1  ,94.95    ,0.15194117647058825
367 ,STRNW-1 ,13.8 ,12.0 ,11.9  ,1002.7           ,22.7       ,70.6       ,0.0    ,11.1  ,84.06    ,0.3437941176470588
368 ,STRNW-1 ,12.7 ,16.4 ,14.4  ,1018.5           ,11.9       ,29.4       ,0.0    ,8.7   ,76.49    ,0.19079411764705884
369 ,STRNW-1 ,7.6  ,6.9  ,9.5   ,1005.8           ,14.3       ,51.7       ,0.0    ,6.0   ,89.37    ,0.2096470588235294
370 ,TDBNW-1 ,2.4  ,6.4  ,      ,1010.8           ,22.8       ,64.8       ,0.0    ,-3.5  ,65.42    ,0.10072463768115941
371 ,TDBNW-1 ,6.2  ,8.6  ,      ,980.1            ,12.6       ,86.0       ,0.0    ,5.3   ,93.61    ,0.44905797101449274
372 ,TDBNW-1 ,10.2 ,14.7 ,30.0  ,1030.2           ,21.8       ,71.0       ,0.0    ,5.3   ,71.94    ,0.35514492753623184
373 ,TDBNW-1 ,16.2 ,17.2 ,30.0  ,1007.1           ,20.5       ,82.5       ,0.0    ,10.2  ,67.91    ,0.8788405797101448
374 ,TDBNW-1 ,15.8 ,10.6 ,      ,1020.0           ,27.9       ,68.6       ,0.0    ,12.0  ,77.79    ,0.3019565217391304
375 ,TDBNW-1 ,7.7  ,12.3 ,      ,1001.3           ,7.6        ,78.8       ,0.0    ,6.7   ,93.18    ,0.762536231884058
376 ,TULWW-1 ,3.4  ,22.4 ,4.6   ,1011.5           ,9.7        ,29.0       ,0.0    ,0.0   ,78.68    ,0.713529411764706
377 ,TULWW-1 ,5.6  ,27.0 ,6.7   ,978.9            ,7.5        ,62.0       ,0.0    ,5.0   ,95.83    ,0.8282352941176471
378 ,TULWW-1 ,13.4 ,11.6 ,19.5  ,1026.6           ,30.8       ,88.0       ,0.0    ,4.2   ,53.7     ,0.12694117647058822
379 ,TULWW-1 ,7.6  ,14.3 ,10.2  ,995.9            ,0.1        ,100.0      ,0.0    ,6.7   ,94.33    ,0.09929411764705882
380 ,TULWW-1 ,11.7 ,3.4  ,2.9   ,1021.0           ,4.9        ,97.4       ,0.0    ,11.4  ,98.11    ,0.00035294117647058826
381 ,TULWW-1 ,18.3 ,18.9 ,22.5  ,1004.3           ,21.8       ,76.7       ,0.0    ,9.8   ,57.72    ,0.342235294117647
382 ,TULWW-1 ,16.9 ,14.0 ,22.1  ,1018.2           ,30.4       ,38.3       ,0.0    ,8.6   ,58.2     ,0.1948235294117647
383 ,TULWW-1 ,7.9  ,19.3 ,15.1  ,1004.0           ,7.3        ,88.2       ,0.0    ,7.1   ,94.88    ,0.484
384 ,TULWW-2 ,3.4  ,22.4 ,4.6   ,1011.5           ,9.7        ,29.0       ,0.0    ,0.0   ,78.68    ,0.45392000000000005
385 ,TULWW-2 ,5.6  ,27.0 ,6.7   ,978.9            ,7.5        ,62.0       ,0.0    ,5.0   ,95.83    ,0.76968
386 ,TULWW-2 ,13.4 ,11.6 ,19.5  ,1026.6           ,30.8       ,88.0       ,0.0    ,4.2   ,53.7     ,0.11055999999999999
387 ,TULWW-2 ,7.6  ,14.3 ,10.2  ,995.9            ,0.1        ,100.0      ,0.0    ,6.7   ,94.33    ,0.11648
388 ,TULWW-2 ,18.3 ,18.9 ,22.5  ,1004.3           ,21.8       ,76.7       ,0.0    ,9.8   ,57.72    ,0.25216
389 ,TULWW-2 ,16.9 ,14.0 ,22.1  ,1018.2           ,30.4       ,38.3       ,0.0    ,8.6   ,58.2     ,0.19527999999999998
390 ,TULWW-2 ,7.9  ,19.3 ,15.1  ,1004.0           ,7.3        ,88.2       ,0.0    ,7.1   ,94.88    ,0.40671999999999997
391 ,WHIHW-1 ,2.1  ,8.5  ,      ,1009.4           ,21.6       ,86.9       ,0.0    ,-2.3  ,72.91    ,0.7620740740740741
392 ,WHIHW-1 ,6.0  ,12.4 ,      ,981.9            ,20.9       ,80.1       ,0.0    ,4.9   ,92.33    ,0.996
393 ,WHIHW-1 ,8.7  ,13.3 ,      ,1031.5           ,15.1       ,77.2       ,0.0    ,5.4   ,80.07    ,0.7765185185185186
394 ,WHIHW-1 ,9.4  ,15.7 ,27.7  ,991.6            ,2.6        ,83.6       ,0.0    ,8.2   ,92.31    ,0.2593333333333333
395 ,WHIHW-1 ,13.6 ,5.3  ,      ,1021.7           ,13.6       ,91.8       ,0.0    ,12.6  ,94.11    ,0.5308888888888889
396 ,WHIHW-1 ,15.2 ,17.7 ,      ,1008.1           ,26.9       ,56.7       ,0.0    ,9.9   ,70.91    ,0.4574814814814815
397 ,WHIHW-1 ,14.6 ,11.7 ,      ,1021.6           ,36.0       ,68.0       ,0.0    ,10.9  ,78.42    ,0.9969629629629629
398 ,WHIHW-1 ,7.4  ,12.8 ,      ,1000.1           ,13.3       ,81.8       ,0.0    ,5.5   ,87.87    ,0.06881481481481481
399 ,WHILW-1 ,2.2  ,4.7  ,4.9   ,1009.2           ,23.0       ,87.1       ,0.0    ,-3.4  ,66.18    ,0.115
400 ,WHILW-1 ,6.2  ,6.9  ,0.0   ,982.5            ,26.8       ,85.0       ,0.0    ,5.0   ,91.7     ,0.43251552795031056
401 ,WHILW-1 ,9.8  ,10.4 ,21.0  ,1031.3           ,14.8       ,84.6       ,0.0    ,6.0   ,77.39    ,0.26164596273291924
402 ,WHILW-1 ,9.6  ,9.9  ,11.6  ,991.8            ,3.4        ,83.8       ,0.0    ,7.3   ,85.74    ,0.6124223602484472
403 ,WHILW-1 ,14.5 ,4.2  ,0.0   ,1021.6           ,25.3       ,91.7       ,0.0    ,12.2  ,85.7     ,0.011770186335403728
404 ,WHILW-1 ,16.0 ,13.5 ,17.0  ,1007.8           ,28.4       ,60.6       ,0.0    ,10.6  ,70.18    ,0.46754658385093173
405 ,WHILW-1 ,14.9 ,7.6  ,2.0   ,1021.9           ,30.8       ,40.6       ,0.0    ,10.0  ,72.42    ,0.22111801242236026
406 ,WHILW-1 ,7.6  ,6.7  ,6.0   ,1000.7           ,13.5       ,81.8       ,0.0    ,5.9   ,89.25    ,0.40037267080745337
407 ,WHILW-2 ,2.2  ,6.9  ,      ,1009.2           ,22.8       ,86.8       ,0.0    ,-2.5  ,71.19    ,0.13718487394957982
408 ,WHILW-2 ,6.5  ,11.6 ,      ,982.3            ,25.7       ,83.9       ,0.0    ,4.8   ,88.88    ,0.27839495798319325
409 ,WHILW-2 ,9.3  ,12.4 ,      ,1031.3           ,15.0       ,85.7       ,0.0    ,5.6   ,77.61    ,0.23647899159663863
410 ,WHILW-2 ,9.6  ,15.6 ,27.7  ,991.7            ,3.2        ,82.4       ,0.0    ,8.0   ,89.78    ,0.5609075630252102
411 ,WHILW-2 ,15.6 ,16.3 ,      ,1007.9           ,28.8       ,61.1       ,0.0    ,10.1  ,69.86    ,0.43407563025210083
412 ,WHILW-2 ,14.8 ,11.7 ,      ,1021.8           ,33.3       ,48.7       ,0.0    ,10.0  ,73.24    ,0.18472268907563025
413 ,WHILW-2 ,7.4  ,10.7 ,      ,1000.6           ,13.7       ,84.0       ,0.0    ,5.7   ,89.15    ,0.34957983193277314
